{
  "auc": 0.776151816563846,
  "precision": 0.6589041095890411,
  "recall": 0.3627450980392157,
  "f1": 0.4678988326848249
}