{
  "auc": 0.7674985077019385,
  "precision": 0.6905537459283387,
  "recall": 0.31975867269984914,
  "f1": 0.43711340206185567
}